File_path,store_procedure_name
DWBaseIncrementalLoad_ARBalanceMeasure,spEndAuditLog
DWBaseIncrementalLoad_ARBalanceMeasure,spBeginAuditLog
DWBaseIncrementalLoad_CalculatedMeasure,spEndAuditLog
DWBaseIncrementalLoad_CalculatedMeasure,spBeginAuditLog
DWBaseIncrementalLoad_CalculatedMeasure,SpPopulateNSESupport
DWBaseIncrementalLoad_CenterStatusSnapshot,spEndAuditLog
DWBaseIncrementalLoad_CenterStatusSnapshot,spBeginAuditLog
DWBaseIncrementalLoad_DailyMeasureFTE,spEndAuditLog
DWBaseIncrementalLoad_DailyMeasureFTE,spBeginAuditLog
DWBaseIncrementalLoad_DailyMeasureNetRevenue,spEndAuditLog
DWBaseIncrementalLoad_DailyMeasureNetRevenue,spBeginAuditLog
DWBaseIncrementalLoad_DailyMeasureNSE,spEndAuditLog
DWBaseIncrementalLoad_DailyMeasureNSE,spBeginAuditLog
DWBaseIncrementalLoad_DailyMeasureNSE,SpPopulateNSESupportSD
DWBaseIncrementalLoad_FTESnapshotMeasure,spEndAuditLog
DWBaseIncrementalLoad_FTESnapshotMeasure,spBeginAuditLog
DWBaseIncrementalLoad_GLBalancePlanAllocation_FTEMeasure,spEndAuditLog
DWBaseIncrementalLoad_GLBalancePlanAllocation_FTEMeasure,spBeginAuditLog
DWBaseIncrementalLoad_GLBalancePlanAllocation_LaborHoursMeasure,spEndAuditLog
DWBaseIncrementalLoad_GLBalancePlanAllocation_LaborHoursMeasure,spBeginAuditLog
DWBaseIncrementalLoad_GLBalancePlanAllocation_LaborSalaryMeasure,spEndAuditLog
DWBaseIncrementalLoad_GLBalancePlanAllocation_LaborSalaryMeasure,spBeginAuditLog
DWBaseIncrementalLoad_GLBalancePlanAllocation_NetRevenueMeasure,spEndAuditLog
DWBaseIncrementalLoad_GLBalancePlanAllocation_NetRevenueMeasure,spBeginAuditLog
DWBaseIncrementalLoad_GLPlanAllocation_LaborHoursMeasure,spBeginAuditLog
DWBaseIncrementalLoad_GLPlanAllocation_LaborHoursMeasure,spEndAuditLog
DWBaseIncrementalLoad_LaborHoursMeasure,spEndAuditLog
DWBaseIncrementalLoad_LaborHoursMeasure,spBeginAuditLog
DWBaseIncrementalLoad_LaborSalaryMeasure,spEndAuditLog
DWBaseIncrementalLoad_LaborSalaryMeasure,spBeginAuditLog
DWBaseIncrementalLoad_LeadEventMeasure,spEndAuditLog
DWBaseIncrementalLoad_LeadEventMeasure,spBeginAuditLog
DWBaseIncrementalLoad_LifeCycleStatusMeasure,spEndAuditLog
DWBaseIncrementalLoad_LifeCycleStatusMeasure,spBeginAuditLog
DWBaseIncrementalLoad_NetRevenueMeasure,spEndAuditLog
DWBaseIncrementalLoad_NetRevenueMeasure,spBeginAuditLog
StagingtoEDWCSS_DimARAgencyTypeCSS,spCSS_StagingToEDW_DimARAgencyType
StagingtoEDWCSS_DimDiscountTypeCSS,spCSS_StagingTransform_DimDiscountType
StagingtoEDWCSS_DimFeeTypeCSS,spCSS_StagingToEDW_DimFeeType
StagingtoEDWCSS_DimMartSponsorCSS,spBeginAuditLog
StagingtoEDWCSS_DimMartSponsorCSS,spEndAuditLog
StagingtoEDWCSS_DimMartStudentCSS,spBeginAuditLog
StagingtoEDWCSS_DimMartStudentCSS,spEndAuditLog
StagingtoEDWCSS_DimMartTuitionAssistanceProviderCSS,spBeginAuditLog
StagingtoEDWCSS_DimMartTuitionAssistanceProviderCSS,spEndAuditLog
StagingtoEDWCSS_DimPaymentTypeCSS,spCSS_StagingToEDW_DimPaymentType
StagingtoEDWCSS_DimProgramCSS,spCSS_StagingTransform_DimProgram
StagingtoEDWCSS_DimSessionCSS,spCSS_StagingToEDW_DimSession
StagingtoEDWCSS_DimSponsorCSS,spCSS_StagingToEDW_DimSponsor
StagingtoEDWCSS_DimStudentCSS,spCSS_StagingToEDW_DimStudent
StagingtoEDWCSS_DimTierCSS,spCSS_StagingToEDW_DimTier
StagingtoEDWCSS_DimTransactionCodeCSS,spCSS_StagingToEDW_DimTransactionCode
StagingtoEDWCSS_DimTuitionAssistanceProviderCSS,spCSS_StagingToEDW_DimTuitionAssistanceProvider
StagingtoEDWCSS_FactFTESnapshotCSS,spCSS_BatchLoad_StagingToEDW_FactFTESnapshot
StagingtoEDWCSS_FactLaborHourTarget,spCSS_BatchLoad_StagingToEDW_FactLaborHourTarget
StagingtoEDWCSS_FactLifeCycleStatusSnapshot,spCSS_BatchLoad_StagingToEDW_FactLifeCycleStatusSnapshot
StagingtoEDWCSS_FactNetRevenueCSS,spCSS_BatchLoad_StagingToEDW_FactNetRevenue
StagingToEDW_BridgeCompanyRollup,spGL_StagingToEDW_BridgeCompanyRollup
StagingToEDW_BridgeSecurityPersonHRISGroup,spHR_StagingToEDW_BridgeSecurityPersonHRISGroup
StagingToEDW_BridgeSecurityPersonOrg,spHR_StagingToEDW_BridgeSecurityPersonOrg
StagingToEDW_CompNonCompStatus,spBeginAuditLog
StagingToEDW_CompNonCompStatus,spEndAuditLog
StagingToEDW_DimAccountSubAccount,spGL_StagingToEDW_DimAccountSubAccount
StagingToEDW_DimAdjustmentReason,spCMS_StagingToEDW_DimAdjustmentReason
StagingToEDW_DimARAgencyType,spCMS_StagingToEDW_DimARAgencyType
StagingToEDW_DimAssessmentType,spHR_StagingToEDW_DimAssessmentType
StagingToEDW_DimAssignmentType,spHR_StagingToEDW_DimAssignmentType
StagingToEDW_DimClassroom,spCMS_StagingToEDW_DimClassroom
StagingToEDW_DimClassroom,spCSS_StagingToEDW_DimClassroom
StagingToEDW_DimCompany,spGL_StagingToEDW_DimCompany
StagingToEDW_DimCompanyRollup,spGL_StagingToEDW_DimCompanyRollup
StagingToEDW_DimComplianceItem,spHR_StagingToEDW_DimComplianceItem
StagingToEDW_DimComplianceRating,spHR_StagingToEDW_DimComplianceRating
StagingToEDW_DimCostCenter,spGL_StagingToEDW_DimCostCenter
StagingToEDW_DimCostCenterType,spGL_StagingToEDW_DimCostCenterType
StagingToEDW_DimCreditmemoType,spCMS_StagingToEDW_DimCreditMemoType
StagingToEDW_DimDataScenario,spEndAuditLog
StagingToEDW_DimDataScenario,spBeginAuditLog
StagingToEDW_DimDate,spGL_StagingToEDW_DimDate
StagingToEDW_DimDiscountType,spCMS_StagingToEDW_DimDiscountType
StagingToEDW_DimFeeType,spCMS_StagingToEDW_DimFeeType
StagingToEDW_DimHRUser,spHR_StagingToEDW_DimHRUser
StagingToEDW_DimInvoiceType,spCMS_StagingToEDW_DimInvoiceType
StagingToEDW_DimLead,spSalesForce_StagingToEDW_DimLead
StagingToEDW_DimLeadEventType,spBING_EDW_Generate_DimLeadEventType
StagingToEDW_DimLeadType,spSalesForce_StagingToEDW_DimLeadType
StagingToEDW_DimLeaveReason,spHR_StagingToEDW_DimLeaveReason
StagingToEDW_DimLeaveType,spHR_StagingToEDW_DimLeaveType
StagingToEDW_DimLifecycleStatus,spEndAuditLog
StagingToEDW_DimLifecycleStatus,spBeginAuditLog
StagingToEDW_DimLocation,spHR_StagingToEDW_DimLocation
StagingToEDW_DimMartAccountSubAccount,spBeginAuditLog
StagingToEDW_DimMartAccountSubAccount,spEndAuditLog
StagingToEDW_DimMartAccountSubAccount,spGL_Staging_AccountSubAccountLanding
StagingToEDW_DimMartCostCenter,spBING_EDW_Generate_DimCostCenter
StagingToEDW_DimMartCostCenter,spBeginAuditLog
StagingToEDW_DimMartCostCenter,spEndAuditLog
StagingToEDW_DimMartPartner,spDimPartnerLoad
StagingToEDW_DimMartProgram,spBeginAuditLog
StagingToEDW_DimMartProgram,spEndAuditLog
StagingToEDW_DimMartSession,spBeginAuditLog
StagingToEDW_DimMartSession,spEndAuditLog
StagingToEDW_DimMartSponsor,spDimSponsorLoad
StagingToEDW_DimMartStudent,spDimStudentLoad
StagingToEDW_DimMartTier,spBeginAuditLog
StagingToEDW_DimMartTier,spEndAuditLog
StagingToEDW_DimMartTuitionAssistanceProvider,spBeginAuditLog
StagingToEDW_DimMartTuitionAssistanceProvider,spEndAuditLog
StagingToEDW_DimMeasure,spBeginAuditLog
StagingToEDW_DimMeasure,spEndAuditLog
StagingToEDW_DimOrganization,spHR_StagingToEDW_DimOrganization
StagingToEDW_DimPayBasis,spHR_StagingToEDW_DimPayBasis
StagingToEDW_DimPayGrade,spHR_StagingToEDW_DimPayGrade
StagingToEDW_DimPaymentType,spCMS_StagingToEDW_DimPaymentType
StagingToEDW_DimPayRateChangeReason,spHR_StagingToEDW_DimPayRateChangeReason
StagingToEDW_DimPayrollType,spMISC_StagingToEDW_DimPayrollType
StagingToEDW_DimPeopleGroup,spHR_StagingToEDW_DimPeopleGroup
StagingToEDW_DimPerformanceRating,spHR_StagingToEDW_DimPerformanceRating
StagingToEDW_DimPerson,spHR_StagingToEDW_DimPerson
StagingToEDW_DimPosition,spHR_StagingToEDW_DimPosition
StagingToEDW_DimProgram,spCMS_StagingToEDW_DimProgram
StagingToEDW_DimQualificationType,spHR_StagingToEDW_DimQualificationType
StagingToEDW_DimReportProfile,spMISC_StagingToEDW_DimReportProfile
StagingToEDW_DimRetentionBaseWeek,spEndAuditLog
StagingToEDW_DimRetentionBaseWeek,spBeginAuditLog
StagingToEDW_DimScheduleType,spCMS_StagingToEDW_DimScheduleType
StagingToEDW_DimScheduleWeek,spEndAuditLog
StagingToEDW_DimScheduleWeek,spBeginAuditLog
StagingToEDW_DimSession,spCMS_StagingToEDW_DimSession
StagingToEDW_DimSpecialInfo,spHR_StagingToEDW_DimSpecialInfo
StagingToEDW_DimSponsor,spCMS_StagingToEDW_DimSponsor
StagingToEDW_DimStudent,spCMS_StagingToEDW_DimStudent
StagingToEDW_DimTier,spCMS_StagingToEDW_DimTier
StagingToEDW_DimTimeCalculation,spEndAuditLog
StagingToEDW_DimTimeCalculation,spBeginAuditLog
StagingToEDW_DimTuitionAssistanceProvider,spCMS_StagingToEDW_DimTuitionAssistanceProvider
StagingToEDW_DimWebCampaign,spSalesForce_StagingToEDW_DimWebCampaign
StagingToEDW_FactAdjustment,spCMS_StagingToEDW_FactAdjustment
StagingToEDW_FactARBalanceSnapshot,spBackupTranLog
StagingToEDW_FactARBalanceSnapshot,spCMS_BatchLoad_StagingToEDW_FactARBalanceSnapshot
StagingToEDW_FactARBalanceSnapshot,spCSS_BatchLoad_StagingToEDW_FactARBalanceSnapshot
StagingToEDW_FactBilling,spCMS_BatchLoad_StagingToEDW_FactBilling
StagingToEDW_FactCenterStatSnapshot,spGL_BatchLoad_StagingToEDW_FactCenterStatSnapshot
StagingToEDW_FactEmployeeAssessment,spHR_StagingToEDW_FactEmployeeAssessment
StagingToEDW_FactEmployeeAssignment,spHR_StagingToEDW_FactEmployeeAssignment
StagingToEDW_FactEmployeeCompliance,spHR_StagingToEDW_FactEmployeeCompliance
StagingToEDW_FactEmployeeLeave,spHR_StagingToEDW_FactEmployeeLeave
StagingToEDW_FactEmployeePayRate,spHR_StagingToEDW_FactEmployeePayRate
StagingToEDW_FactEmployeePerformance,spHR_StagingToEDW_FactEmployeePerformance
StagingToEDW_FactEmployeeQualification,spHR_StagingToEDW_FactEmployeeQualification
StagingToEDW_FactFTESnapshot,spCMS_BatchLoad_StagingToEDW_FactFTESnapshot
StagingToEDW_FactFTESnapshotAcquired,spMISC_StagingToEDW_FactFTESnapshot
StagingToEDW_FactFTESnapshotCSS,spCSS_BatchLoad_StagingToEDW_FactFTESnapshot
StagingToEDW_FactFTESnapshotPRO,spCambridge_BatchLoad_StagingToEDW_FactFTESnapshot
StagingToEDW_FactGLBalance,spGL_BatchLoad_StagingToEDW_FactGLBalance
StagingToEDW_FactGLBalancePlanAllocation,spMISC_BatchLoad_StagingToEDW_FactGLBalancePlanAllocation
StagingToEDW_FactLaborHourAcquired,spMISC_StagingToEDW_FactLaborHourACQ
StagingToEDW_FactLaborHourActual,spMISC_BatchLoad_StagingToEDW_FactLaborHourActual
StagingToEDW_FactLaborHourTarget,spMISC_BatchLoad_StagingToEDW_FactLaborHourTarget
StagingToEDW_FactLaborHourTargetLegacy,spMISC_BatchLoad_StagingToEDW_FactLaborHourTargetLegacy
StagingToEDW_FactLaborHourTargetPRO,spCambridge_BatchLoad_StagingToEDW_FactLaborHourTarget
StagingToEDW_FactLaborSalary,spMISC_BatchLoad_StagingToEDW_FactLaborSalary
StagingToEDW_FactLeadEvent,spSalesForce_StagingToEDW_FactLeadEvent
StagingToEDW_FactLeadPipeline,spSalesForce_StagingToEDW_FactLeadPipeline
StagingToEDW_FactLifecycleStatusSnapshot,spCMS_BatchLoad_StagingToEDW_FactLifecycleStatusSnapshot
StagingToEDW_FactNetRevenue,spCMS_BatchLoad_StagingToEDW_FactNetRevenue
StagingToEDW_FactNetRevenueAcquired,spMISC_StagingToEDW_FactNetRevenueACQ
StagingToEDW_FactNetRevenueHOR,spHOR_BatchLoad_StagingToEDW_FactNetRevenue
StagingToEDW_FactNetRevenuePRO,spPRO_BatchLoad_StagingToEDW_FactNetRevenue
StagingToEDW_FactPartnerVerifiedSponsor,spEndAuditLog
StagingToEDW_FactPartnerVerifiedSponsor,spBeginAuditLog
StagingToEDW_FactPayment,spCMS_BatchLoad_StagingToEDW_FactPayment
StagingToEDW_FactPaymentApplied,spCMS_StagingToEDW_FactPaymentApplied
StagingToEDW_FactPersonSpecialInfo,spHR_StagingToEDW_FactPersonSpecialInfo
StagingToEDW_FactSessionEnrollment,spCMS_StagingToEDW_FactSessionEnrollment
StagingToEDW_FactTierAssignment,spCMS_StagingToEDW_FactTierAssignment
StagingToEDW_MartToEDW_CostCenter_OneTimeLoadforCompNonComp,spBeginAuditLog
StagingToEDW_MartToEDW_CostCenter_OneTimeLoadforCompNonComp,spEndAuditLog
StagingToEDW_MartToEDW_DimMartCostCenter_IXV,spGL_StagingToEDW_DimAccountSubAccount
StagingToEDW_MartToEDW_DimMartCostCenter_IXV,spGL_StagingToEDW_DimCostCenter
StagingToEDW_OneTimeDimMartAccountSubAccount,spGL_Staging_AccountSubAccountLanding
StagingToEDW_ReportMeasure,spEndAuditLog
StagingToEDW_ReportMeasure,spBeginAuditLog
StagingToEDW_ReportProfile,spEndAuditLog
StagingToEDW_ReportProfile,spBeginAuditLog
StagingToEDW_StagingToEDWParentPackage,spGL_StagingToEDW_DimDate
StagingToEDW_StagingToEDWParentPackage,spBING_EDW_Build_DimensionStaticData
StagingToEDW_StagingToEDW_DimensionParent,spGL_StagingToEDW_DimDate
StagingToEDW_StagingToEDW_DimensionParent,spBING_EDW_Build_DimensionStaticData
StagingToEDW_StagingToEDW_Dimension_CenterManagement,spCMS_StagingToEDW_DimAdjustmentReason
StagingToEDW_StagingToEDW_Dimension_CenterManagement,spCMS_StagingToEDW_DimScheduleType
StagingToEDW_StagingToEDW_Dimension_CenterManagement,spCSS_StagingToEDW_DimTransactionCode
StagingToEDW_StagingToEDW_Dimension_CenterManagement,spCMS_StagingToEDW_DimARAgencyType
StagingToEDW_StagingToEDW_Dimension_CenterManagement,spCSS_StagingToEDW_DimARAgencyType
StagingToEDW_StagingToEDW_Dimension_CenterManagement,spCMS_StagingToEDW_DimClassroom
StagingToEDW_StagingToEDW_Dimension_CenterManagement,spCSS_StagingToEDW_DimClassroom
StagingToEDW_StagingToEDW_Dimension_CenterManagement,spCMS_StagingToEDW_DimCreditMemoType
StagingToEDW_StagingToEDW_Dimension_CenterManagement,spCMS_StagingToEDW_DimDiscountType
StagingToEDW_StagingToEDW_Dimension_CenterManagement,spCSS_StagingToEDW_DimDiscountType
StagingToEDW_StagingToEDW_Dimension_CenterManagement,spCMS_StagingToEDW_DimFeeType
StagingToEDW_StagingToEDW_Dimension_CenterManagement,spCSS_StagingToEDW_DimFeeType
StagingToEDW_StagingToEDW_Dimension_CenterManagement,spCMS_StagingToEDW_DimInvoiceType
StagingToEDW_StagingToEDW_Dimension_CenterManagement,spCMS_StagingToEDW_DimPaymentType
StagingToEDW_StagingToEDW_Dimension_CenterManagement,spCSS_StagingToEDW_DimPaymentType
StagingToEDW_StagingToEDW_Dimension_CenterManagement,spCMS_StagingToEDW_DimProgram
StagingToEDW_StagingToEDW_Dimension_CenterManagement,spCSS_StagingToEDW_DimProgram
StagingToEDW_StagingToEDW_Dimension_CenterManagement,spCMS_StagingToEDW_DimSession
StagingToEDW_StagingToEDW_Dimension_CenterManagement,spCSS_StagingToEDW_DimSession
StagingToEDW_StagingToEDW_Dimension_CenterManagement,spCMS_StagingToEDW_DimSponsor
StagingToEDW_StagingToEDW_Dimension_CenterManagement,spCSS_StagingToEDW_DimSponsor
StagingToEDW_StagingToEDW_Dimension_CenterManagement,spCMS_StagingToEDW_DimStudent
StagingToEDW_StagingToEDW_Dimension_CenterManagement,spCSS_StagingToEDW_DimStudent
StagingToEDW_StagingToEDW_Dimension_CenterManagement,spCSS_StagingToEDW_DimTier
StagingToEDW_StagingToEDW_Dimension_CenterManagement,spCMS_StagingToEDW_DimTuitionAssistanceProvider
StagingToEDW_StagingToEDW_Dimension_CenterManagement,spCSS_StagingToEDW_DimTuitionAssistanceProvider
StagingToEDW_StagingToEDW_Dimension_GLandHR,spGL_StagingToEDW_DimDate
StagingToEDW_StagingToEDW_Dimension_GLandHR,spGL_StagingGenerate_HrAllOrganizationUnits
StagingToEDW_StagingToEDW_Dimension_GLandHR,spGL_StagingToEDW_BridgeCompanyRollup
StagingToEDW_StagingToEDW_Dimension_GLandHR,spGL_StagingToEDW_DimAccountSubAccount
StagingToEDW_StagingToEDW_Dimension_GLandHR,spGL_StagingToEDW_DimCompany
StagingToEDW_StagingToEDW_Dimension_GLandHR,spGL_StagingToEDW_DimCompanyRollup
StagingToEDW_StagingToEDW_Dimension_GLandHR,spGL_StagingToEDW_DimCostCenterType
StagingToEDW_StagingToEDW_Dimension_GLandHR,spHR_StagingGenerate_OrgLeaderAccess
StagingToEDW_StagingToEDW_Dimension_GLandHR,spHR_StagingToEDW_BridgeSecurityPersonHRISGroup
StagingToEDW_StagingToEDW_Dimension_GLandHR,spHR_StagingToEDW_BridgeSecurityPersonOrg
StagingToEDW_StagingToEDW_Dimension_GLandHR,spHR_StagingToEDW_DimAssessmentType
StagingToEDW_StagingToEDW_Dimension_GLandHR,spHR_StagingToEDW_DimAssignmentType
StagingToEDW_StagingToEDW_Dimension_GLandHR,spHR_StagingToEDW_DimComplianceItem
StagingToEDW_StagingToEDW_Dimension_GLandHR,spHR_StagingToEDW_DimComplianceRating
StagingToEDW_StagingToEDW_Dimension_GLandHR,spHR_StagingToEDW_DimHRUser
StagingToEDW_StagingToEDW_Dimension_GLandHR,spHR_StagingToEDW_DimLeaveReason
StagingToEDW_StagingToEDW_Dimension_GLandHR,spHR_StagingToEDW_DimLeaveType
StagingToEDW_StagingToEDW_Dimension_GLandHR,spHR_StagingToEDW_DimLocation
StagingToEDW_StagingToEDW_Dimension_GLandHR,spHR_StagingToEDW_DimOrganization
StagingToEDW_StagingToEDW_Dimension_GLandHR,spHR_StagingToEDW_DimPayBasis
StagingToEDW_StagingToEDW_Dimension_GLandHR,spHR_StagingToEDW_DimPayGrade
StagingToEDW_StagingToEDW_Dimension_GLandHR,spHR_StagingToEDW_DimPeopleGroup
StagingToEDW_StagingToEDW_Dimension_GLandHR,spHR_StagingToEDW_DimPerformanceRating
StagingToEDW_StagingToEDW_Dimension_GLandHR,spHR_StagingToEDW_DimPerson
StagingToEDW_StagingToEDW_Dimension_GLandHR,spHR_StagingToEDW_DimPosition
StagingToEDW_StagingToEDW_Dimension_GLandHR,spHR_StagingToEDW_DimQualificationType
StagingToEDW_StagingToEDW_Dimension_GLandHR,spHR_StagingToEDW_DimSpecialInfo
StagingToEDW_StagingToEDW_Dimension_GLandHR,spHR_StagingToEDW_DimPayRateChangeReason
StagingToEDW_StagingToEDW_Dimension_GLandHR,spMISC_StagingToEDW_DimReportProfile
StagingToEDW_StagingToEDW_Dimension_StudentLeads,spSalesforce_StagingToEDW_DimLead
StagingToEDW_StagingToEDW_Dimension_StudentLeads,spSalesForce_StagingToEDW_DimLeadType
StagingToEDW_StagingToEDW_Dimension_StudentLeads,spSalesForce_StagingToEDW_DimWebCampaign
StagingToEDW_StagingToEDW_Fact_ARBalanceSnapshot,spCMS_BatchLoad_StagingToEDW_FactARBalanceSnapshot
StagingToEDW_StagingToEDW_Fact_ARBalanceSnapshot,spCSS_BatchLoad_StagingToEDW_FactARBalanceSnapshot
StagingToEDW_StagingToEDW_Fact_BillingPaymentTransactions,spCMS_StagingToEDW_FactAdjustment
StagingToEDW_StagingToEDW_Fact_BillingPaymentTransactions,spCMS_BatchLoad_StagingToEDW_FactBilling
StagingToEDW_StagingToEDW_Fact_BillingPaymentTransactions,spCMS_BatchLoad_StagingToEDW_FactPayment
StagingToEDW_StagingToEDW_Fact_BillingPaymentTransactions,spCMS_StagingToEDW_FactPaymentApplied
StagingToEDW_StagingToEDW_Fact_CenterManagementEnrollment,spCMS_StagingToEDW_FactSessionEnrollment
StagingToEDW_StagingToEDW_Fact_CenterManagementEnrollment,spCMS_StagingToEDW_FactTierAssignment
StagingToEDW_StagingToEDW_Fact_CenterManagementEnrollment,spGL_BatchLoad_StagingToEDW_FactCenterStatSnapshot
StagingToEDW_StagingToEDW_Fact_CenterManagementRevenue,spPRO_BatchLoad_StagingToEDW_FactNetRevenue
StagingToEDW_StagingToEDW_Fact_CenterManagementRevenue,spCMS_BatchLoad_StagingToEDW_FactNetRevenue
StagingToEDW_StagingToEDW_Fact_CenterManagementRevenue,spUpdateStatistics
StagingToEDW_StagingToEDW_Fact_CenterManagementRevenue,spHOR_BatchLoad_StagingToEDW_FactNetRevenue
StagingToEDW_StagingToEDW_Fact_FTESnapshot,spCambridge_BatchLoad_StagingToEDW_FactFTESnapshot
StagingToEDW_StagingToEDW_Fact_FTESnapshot,spCMS_BatchLoad_StagingToEDW_FactFTESnapshot
StagingToEDW_StagingToEDW_Fact_FTESnapshot,spUpdateStatistics
StagingToEDW_StagingToEDW_Fact_GLBalancePlanAllocation,spMISC_BatchLoad_StagingToEDW_FactGLBalancePlanAllocation
StagingToEDW_StagingToEDW_Fact_GLBalances,spGL_BatchLoad_StagingToEDW_FactGLBalance
StagingToEDW_StagingToEDW_Fact_GLBalances,spUpdateStatistics
StagingToEDW_StagingToEDW_Fact_HREmployee,spHR_StagingToEDW_FactEmployeeAssessment
StagingToEDW_StagingToEDW_Fact_HREmployee,spHR_StagingToEDW_FactEmployeeAssignment
StagingToEDW_StagingToEDW_Fact_HREmployee,spHR_StagingToEDW_FactEmployeeCompliance
StagingToEDW_StagingToEDW_Fact_HREmployee,spHR_StagingToEDW_FactEmployeeLeave
StagingToEDW_StagingToEDW_Fact_HREmployee,spHR_StagingToEDW_FactEmployeePayRate
StagingToEDW_StagingToEDW_Fact_HREmployee,spHR_StagingToEDW_FactEmployeePerformance
StagingToEDW_StagingToEDW_Fact_HREmployee,spHR_StagingToEDW_FactEmployeeQualification
StagingToEDW_StagingToEDW_Fact_HREmployee,spHR_StagingToEDW_FactPersonSpecialInfo
StagingToEDW_StagingToEDW_Fact_LifecycleStatusSnapshot,spCMS_BatchLoad_StagingToEDW_FactLifecycleStatusSnapshot
StagingToEDW_StagingToEDW_Fact_StudentLeads,spSalesForce_StagingToEDW_FactLeadEvent
StagingToEDW_StagingToEDW_Fact_StudentLeads,spSalesForce_StagingToEDW_FactLeadPipeline
StagingToEDW_StagingToEDW_Fact_StudentLeads,spSalesForce_StagingGenerate_LookupMethodOfContact
